{
  "project_info": {
    "project_number": "83009121276",
    "project_id": "abasmaghalak27112021",
    "storage_bucket": "abasmaghalak27112021.appspot.com"
  },
  "client": [
    {
      "client_info": {
        "mobilesdk_app_id": "1:83009121276:android:5fd7d84412ac521294e079",
        "android_client_info": {
          "package_name": "com.abasathalak.mcqsapp"
        }
      },
      "oauth_client": [
        {
          "client_id": "83009121276-d5o675dn6490av3ltoiddev8dc70rhm2.apps.googleusercontent.com",
          "client_type": 3
        }
      ],
      "api_key": [
        {
          "current_key": "AIzaSyAn7xtjp9UXhtXApCfeA7nizIB1op39XMw"
        }
      ],
      "services": {
        "appinvite_service": {
          "other_platform_oauth_client": [
            {
              "client_id": "83009121276-d5o675dn6490av3ltoiddev8dc70rhm2.apps.googleusercontent.com",
              "client_type": 3
            }
          ]
        }
      }
    }
  ],
  "configuration_version": "1"
}